Linux/OpenPGP_GnuPG_cheat_sheet.md -> _vars/Linux/OpenPGP_GnuPG_cheat_sheet.vars
Linux/fedora/Install_Linux_from_USB_on_fujitsu_lifebook.md -> _vars/Linux/fedora/Install_Linux_from_USB_on_fujitsu_lifebook.vars
Linux/fedora/Keyboard_not_working_on_Fujitsu_Lifebook_on_Fedora.md -> _vars/Linux/fedora/Keyboard_not_working_on_Fujitsu_Lifebook_on_Fedora.vars
Linux/GnuPG/README.md -> _vars/Linux/GnuPG/README.vars
Linux/README.md -> _vars/Linux/README.vars
Linux/RS232/connect_serial_with_fedora.md -> _vars/Linux/RS232/connect_serial_with_fedora.vars
Linux/firefox/firefox_already_running.md -> _vars/Linux/firefox/firefox_already_running.vars
Linux/cli/Filter_from_tab.md -> _vars/Linux/cli/Filter_from_tab.vars
Linux/cli/remove-blank-spaces.md -> _vars/Linux/cli/remove-blank-spaces.vars
Linux/cli/diff.md -> _vars/Linux/cli/diff.vars
Linux/cli/outgoing_connections.md -> _vars/Linux/cli/outgoing_connections.vars
Linux/cli/read_markdown_in_cli.md -> _vars/Linux/cli/read_markdown_in_cli.vars
Linux/cli/bye-bye-screen-hello-zellij.md -> _vars/Linux/cli/bye-bye-screen-hello-zellij.vars
Linux/cli/copy-and-paste-in-cli.md -> _vars/Linux/cli/copy-and-paste-in-cli.vars
Linux/cli/qrcode.md -> _vars/Linux/cli/qrcode.vars
Linux/cli/ImageMagick.md -> _vars/Linux/cli/ImageMagick.vars
Linux/kvm/virsh.md -> _vars/Linux/kvm/virsh.vars
Linux/ssl/SSL-Certificate-Signing-Request-best practices.md -> _vars/Linux/ssl/SSL-Certificate-Signing-Request-best practices.vars
Linux/ssl/ssl-checks.md -> _vars/Linux/ssl/ssl-checks.vars
Linux/ssl/extract-publickey-from-privatekey-openssl.md -> _vars/Linux/ssl/extract-publickey-from-privatekey-openssl.vars
Linux/ssl/some-instruction-aboutssl-i-found-online.md -> _vars/Linux/ssl/some-instruction-aboutssl-i-found-online.vars
Linux/ssl/ssl-rehash-and-filepermissions.md -> _vars/Linux/ssl/ssl-rehash-and-filepermissions.vars
Linux/find_exclude_hidden_files.md -> _vars/Linux/find_exclude_hidden_files.vars
Linux/ssh/chmod_ssh_files.md -> _vars/Linux/ssh/chmod_ssh_files.vars
Linux/ssh/ssh_keygen.md -> _vars/Linux/ssh/ssh_keygen.vars
Linux/ssh/cisco.md -> _vars/Linux/ssh/cisco.vars
Linux/ssh/config.md -> _vars/Linux/ssh/config.vars
Linux/docker/README.md -> _vars/Linux/docker/README.vars
Linux/fetchmail/openSSL_and_Fetchmail_part2.md -> _vars/Linux/fetchmail/openSSL_and_Fetchmail_part2.vars
Linux/fetchmail/openSSL_and_Fetchmail_part1.md -> _vars/Linux/fetchmail/openSSL_and_Fetchmail_part1.vars
Linux/permissions/README.md -> _vars/Linux/permissions/README.vars
Linux/backup/tape/bearos-start-point.md -> _vars/Linux/backup/tape/bearos-start-point.vars
Linux/backup/tape/first-tape-commands-in-linux.md -> _vars/Linux/backup/tape/first-tape-commands-in-linux.vars
Linux/yubikey/NL_yubikey_gpg.md -> _vars/Linux/yubikey/NL_yubikey_gpg.vars
Linux/yubikey/NL_yubikey_ingebruikname.md -> _vars/Linux/yubikey/NL_yubikey_ingebruikname.vars
Linux/yubikey/README.md -> _vars/Linux/yubikey/README.vars
Linux/yubikey/EN_yubikey_ssh.md -> _vars/Linux/yubikey/EN_yubikey_ssh.vars
Linux/yubikey/NL_yubikey_linux_gui_login.md -> _vars/Linux/yubikey/NL_yubikey_linux_gui_login.vars
Linux/yubikey/EN_yubikey_install_ykman.md -> _vars/Linux/yubikey/EN_yubikey_install_ykman.vars
Linux/yubikey/EN_yubikey_otp.md -> _vars/Linux/yubikey/EN_yubikey_otp.vars
Linux/benchmark/benchmark_writespeed.md -> _vars/Linux/benchmark/benchmark_writespeed.vars
Linux/bash_otp_generator.md -> _vars/Linux/bash_otp_generator.vars
Linux/bash_tricks/display_number_of_loggedin_users.md -> _vars/Linux/bash_tricks/display_number_of_loggedin_users.vars
Linux/bash_tricks/date_command.md -> _vars/Linux/bash_tricks/date_command.vars
Linux/markdown/create_colored_alertboxes_in_markdown.md -> _vars/Linux/markdown/create_colored_alertboxes_in_markdown.vars
Linux/markdown/addup.md -> _vars/Linux/markdown/addup.vars
math/KaTex_funtion_list.md -> _vars/math/KaTex_funtion_list.vars
math/KaTeX.md -> _vars/math/KaTeX.vars
slices_of_life/README.md -> _vars/slices_of_life/README.vars
slices_of_life/culinary_notes_by_benjamin/README.md -> _vars/slices_of_life/culinary_notes_by_benjamin/README.vars
slices_of_life/culinary_notes_by_benjamin/dutch/003/README.md -> _vars/slices_of_life/culinary_notes_by_benjamin/dutch/003/README.vars
slices_of_life/culinary_notes_by_benjamin/dutch/README.md -> _vars/slices_of_life/culinary_notes_by_benjamin/dutch/README.vars
slices_of_life/culinary_notes_by_benjamin/dutch/007/README.md -> _vars/slices_of_life/culinary_notes_by_benjamin/dutch/007/README.vars
slices_of_life/culinary_notes_by_benjamin/dutch/004/README.md -> _vars/slices_of_life/culinary_notes_by_benjamin/dutch/004/README.vars
slices_of_life/culinary_notes_by_benjamin/dutch/006/README.md -> _vars/slices_of_life/culinary_notes_by_benjamin/dutch/006/README.vars
slices_of_life/culinary_notes_by_benjamin/dutch/008/README.md -> _vars/slices_of_life/culinary_notes_by_benjamin/dutch/008/README.vars
slices_of_life/culinary_notes_by_benjamin/dutch/005/README.md -> _vars/slices_of_life/culinary_notes_by_benjamin/dutch/005/README.vars
slices_of_life/culinary_notes_by_benjamin/dutch/002/README.md -> _vars/slices_of_life/culinary_notes_by_benjamin/dutch/002/README.vars
slices_of_life/culinary_notes_by_benjamin/dutch/001/README.md -> _vars/slices_of_life/culinary_notes_by_benjamin/dutch/001/README.vars
slices_of_life/culinary_notes_by_benjamin/english/004/README.md -> _vars/slices_of_life/culinary_notes_by_benjamin/english/004/README.vars
slices_of_life/culinary_notes_by_benjamin/english/005/README.md -> _vars/slices_of_life/culinary_notes_by_benjamin/english/005/README.vars
slices_of_life/culinary_notes_by_benjamin/english/002/README.md -> _vars/slices_of_life/culinary_notes_by_benjamin/english/002/README.vars
slices_of_life/culinary_notes_by_benjamin/english/001/README.md -> _vars/slices_of_life/culinary_notes_by_benjamin/english/001/README.vars
slices_of_life/quotes_for_life/0002_we_dread_conemnation.md -> _vars/slices_of_life/quotes_for_life/0002_we_dread_conemnation.vars
slices_of_life/quotes_for_life/0006_hart_verstand.md -> _vars/slices_of_life/quotes_for_life/0006_hart_verstand.vars
slices_of_life/quotes_for_life/README.md -> _vars/slices_of_life/quotes_for_life/README.vars
slices_of_life/quotes_for_life/0003_abraham_lincoln.md -> _vars/slices_of_life/quotes_for_life/0003_abraham_lincoln.vars
slices_of_life/quotes_for_life/0005_nourishment_for_my_self-esteem.md -> _vars/slices_of_life/quotes_for_life/0005_nourishment_for_my_self-esteem.vars
slices_of_life/quotes_for_life/008_we_never_rise_above_the_opinion_of_ourselves.md -> _vars/slices_of_life/quotes_for_life/008_we_never_rise_above_the_opinion_of_ourselves.vars
slices_of_life/quotes_for_life/009_how_to_win_riends.md -> _vars/slices_of_life/quotes_for_life/009_how_to_win_riends.vars
slices_of_life/quotes_for_life/0007_trust_and_deception.md -> _vars/slices_of_life/quotes_for_life/0007_trust_and_deception.vars
slices_of_life/quotes_for_life/0001_two_gun_crowley.md -> _vars/slices_of_life/quotes_for_life/0001_two_gun_crowley.vars
slices_of_life/quotes_for_life/0004_father_forgets.md -> _vars/slices_of_life/quotes_for_life/0004_father_forgets.vars
slices_of_life/my_curated_booklist/the_power_of_now_Eckhart_Tolle.md -> _vars/slices_of_life/my_curated_booklist/the_power_of_now_Eckhart_Tolle.vars
slices_of_life/my_curated_booklist/README.md -> _vars/slices_of_life/my_curated_booklist/README.vars
slices_of_life/assorted/what_i_asked_chatgpt/Quotations_from_Jana.md -> _vars/slices_of_life/assorted/what_i_asked_chatgpt/Quotations_from_Jana.vars
slices_of_life/art_i_enjoy/README.md -> _vars/slices_of_life/art_i_enjoy/README.vars
slices_of_life/art_i_enjoy/Wood_Block_Printing_Uchinda/README.md -> _vars/slices_of_life/art_i_enjoy/Wood_Block_Printing_Uchinda/README.vars
slices_of_life/art_i_enjoy/takamizawa_mokuhansha/README.md -> _vars/slices_of_life/art_i_enjoy/takamizawa_mokuhansha/README.vars
slices_of_life/reminders/EN_compassion_determination.md -> _vars/slices_of_life/reminders/EN_compassion_determination.vars
slices_of_life/reminders/EN_deal_with_situations.md -> _vars/slices_of_life/reminders/EN_deal_with_situations.vars
slices_of_life/reminders/NL_how_to_say_no.md -> _vars/slices_of_life/reminders/NL_how_to_say_no.vars
slices_of_life/reminders/EN_how_to_say_no.md -> _vars/slices_of_life/reminders/EN_how_to_say_no.vars
slices_of_life/reminders/EN_sitting_in_the_mud.md -> _vars/slices_of_life/reminders/EN_sitting_in_the_mud.vars
slices_of_life/reminders/NL_modern_love.md -> _vars/slices_of_life/reminders/NL_modern_love.vars
slices_of_life/reminders/NL_compassion_determination.md -> _vars/slices_of_life/reminders/NL_compassion_determination.vars
slices_of_life/reminders/NL_how_to_get_old.md -> _vars/slices_of_life/reminders/NL_how_to_get_old.vars
slices_of_life/reminders/NL_sitting_in_the_mud.md -> _vars/slices_of_life/reminders/NL_sitting_in_the_mud.vars
slices_of_life/reminders/NL_whats_behind_the_emotions.md -> _vars/slices_of_life/reminders/NL_whats_behind_the_emotions.vars
slices_of_life/reminders/NL_deal_with_situations.md -> _vars/slices_of_life/reminders/NL_deal_with_situations.vars
slices_of_life/reminders/EN_how_to_get_old.md -> _vars/slices_of_life/reminders/EN_how_to_get_old.vars
slices_of_life/reminders/EN_modern_love.md -> _vars/slices_of_life/reminders/EN_modern_love.vars
slices_of_life/reminders/NL_the_inner_ceiling.md -> _vars/slices_of_life/reminders/NL_the_inner_ceiling.vars
slices_of_life/reminders/EN_the_inner_ceiling.md -> _vars/slices_of_life/reminders/EN_the_inner_ceiling.vars
slices_of_life/reminders/NL_HATA.md -> _vars/slices_of_life/reminders/NL_HATA.vars
slices_of_life/reminders/NL_Selfcare_Janice_w.md -> _vars/slices_of_life/reminders/NL_Selfcare_Janice_w.vars
Misc/Amsterdam/Amsterdam/Gemeente/Parkeren/README.md -> _vars/Misc/Amsterdam/Amsterdam/Gemeente/Parkeren/README.vars
Misc/Songs/maybe_if_i_have_time.md -> _vars/Misc/Songs/maybe_if_i_have_time.vars
Misc/Songs/003_felice_navidad/003_Feliz_Navidad.md -> _vars/Misc/Songs/003_felice_navidad/003_Feliz_Navidad.vars
Misc/Songs/README.md -> _vars/Misc/Songs/README.vars
Misc/Songs/002_lentewind/002_lentewind.md -> _vars/Misc/Songs/002_lentewind/002_lentewind.vars
Misc/Songs/004_the_night_we_met/README.md -> _vars/Misc/Songs/004_the_night_we_met/README.vars
Misc/Songs/001_Later_als_ik_dood_ben/001_Later_als_ik_dood_ben.md -> _vars/Misc/Songs/001_Later_als_ik_dood_ben/001_Later_als_ik_dood_ben.vars
